--
-- Generated by java-mysql-exporter
-- Date: 30-12-2020 22:23:0
--

/*!40101 SET @OLD_CHARACTER_SET_CLIENT=@@CHARACTER_SET_CLIENT */;
/*!40101 SET NAMES utf8 */;
/*!50503 SET NAMES utf8mb4 */;
/*!40014 SET @OLD_FOREIGN_KEY_CHECKS=@@FOREIGN_KEY_CHECKS, FOREIGN_KEY_CHECKS=0 */;
/*!40101 SET @OLD_SQL_MODE=@@SQL_MODE, SQL_MODE='NO_AUTO_VALUE_ON_ZERO' */;

--
-- start  table dump : admin
--

CREATE TABLE IF NOT EXISTS  `admin` (
  `admin_id` int(11) NOT NULL AUTO_INCREMENT,
  `name` varchar(45) NOT NULL,
  `user_id` int(11) NOT NULL,
  PRIMARY KEY (`admin_id`),
  KEY `fk_admin_user1_idx` (`user_id`),
  CONSTRAINT `fk_admin_user1` FOREIGN KEY (`user_id`) REFERENCES `user` (`user_id`)
) ENGINE=InnoDB AUTO_INCREMENT=2 DEFAULT CHARSET=utf8mb4 COLLATE=utf8mb4_0900_ai_ci;



--
-- end  table dump : admin
--


--
-- Inserts of admin
--


/*!40000 ALTER TABLE `admin` DISABLE KEYS */;

--
-- start table insert : admin
--
INSERT INTO `admin`(`admin_id`, `name`, `user_id`) VALUES 
(1, 'Asela Rajapaksha', 101);
--
-- end table insert : admin
--

/*!40000 ALTER TABLE `admin` ENABLE KEYS */;


--
-- start  table dump : admin_staff
--

CREATE TABLE IF NOT EXISTS  `admin_staff` (
  `admin_staff_id` int(11) NOT NULL AUTO_INCREMENT,
  `qualification` varchar(100) DEFAULT NULL,
  `type` int(11) NOT NULL,
  `staff_id` int(11) NOT NULL,
  PRIMARY KEY (`admin_staff_id`),
  KEY `fk_aministrative_staff_staff1_idx` (`staff_id`),
  CONSTRAINT `fk_aministrative_staff_staff1` FOREIGN KEY (`staff_id`) REFERENCES `staff` (`staff_id`)
) ENGINE=InnoDB AUTO_INCREMENT=12 DEFAULT CHARSET=utf8;



--
-- end  table dump : admin_staff
--


--
-- Inserts of admin_staff
--


/*!40000 ALTER TABLE `admin_staff` DISABLE KEYS */;

--
-- start table insert : admin_staff
--
INSERT INTO `admin_staff`(`admin_staff_id`, `qualification`, `type`, `staff_id`) VALUES 
(1, 'good', 1, 1),
(2, 'good', 2, 2);
--
-- end table insert : admin_staff
--

/*!40000 ALTER TABLE `admin_staff` ENABLE KEYS */;


--
-- start  table dump : attendance
--

CREATE TABLE IF NOT EXISTS  `attendance` (
  `attendance_id` int(11) NOT NULL AUTO_INCREMENT,
  `date` date NOT NULL,
  `come_time` time NOT NULL,
  `leave_time` time DEFAULT NULL,
  `staff_id` int(11) NOT NULL,
  PRIMARY KEY (`attendance_id`),
  KEY `fk_attendance_staff1_idx` (`staff_id`),
  CONSTRAINT `fk_attendance_staff1` FOREIGN KEY (`staff_id`) REFERENCES `staff` (`staff_id`)
) ENGINE=InnoDB AUTO_INCREMENT=13 DEFAULT CHARSET=utf8mb4 COLLATE=utf8mb4_0900_ai_ci;



--
-- end  table dump : attendance
--


--
-- Inserts of attendance
--


/*!40000 ALTER TABLE `attendance` DISABLE KEYS */;

--
-- start table insert : attendance
--
INSERT INTO `attendance`(`attendance_id`, `date`, `come_time`, `leave_time`, `staff_id`) VALUES 
(1, '2019-10-17', '08:41:06', '18:41:37', 1),
(2, '2019-10-27', '09:39:04', '20:39:33', 1),
(3, '2019-09-10', '09:39:04', '20:39:33', 1),
(4, '2019-10-11', '09:00:04', '20:39:33', 1),
(5, '2019-10-12', '09:00:04', '20:39:33', 1),
(6, '2019-10-13', '09:00:04', '13:39:33', 1),
(7, '2019-10-14', '09:00:04', '10:39:33', 1),
(8, '2019-10-15', '09:00:04', '15:39:33', 1),
(9, '2019-11-01', '08:41:06', '18:41:37', 1),
(10, '2019-11-01', '08:41:06', '08:41:06', 2),
(11, '2019-11-02', '08:41:06', '18:41:37', 1),
(12, '2019-11-02', '08:41:06', '18:41:37', 2);
--
-- end table insert : attendance
--

/*!40000 ALTER TABLE `attendance` ENABLE KEYS */;


--
-- start  table dump : complain
--

CREATE TABLE IF NOT EXISTS  `complain` (
  `complain_id` int(11) NOT NULL AUTO_INCREMENT,
  `title` varchar(45) NOT NULL,
  `complain` longtext NOT NULL,
  `view` tinyint(1) NOT NULL,
  `date` date DEFAULT NULL,
  `reply` varchar(45) DEFAULT NULL,
  `staff_id` int(11) NOT NULL,
  PRIMARY KEY (`complain_id`),
  KEY `fk_complain_staff1_idx` (`staff_id`),
  CONSTRAINT `fk_complain_staff1` FOREIGN KEY (`staff_id`) REFERENCES `staff` (`staff_id`)
) ENGINE=InnoDB AUTO_INCREMENT=11 DEFAULT CHARSET=utf8;



--
-- end  table dump : complain
--



--
-- start  table dump : course_fee
--

CREATE TABLE IF NOT EXISTS  `course_fee` (
  `course_fee_id` int(11) NOT NULL AUTO_INCREMENT,
  `amount` double NOT NULL,
  `date` date NOT NULL,
  `method` int(11) DEFAULT NULL,
  `student_package_id` int(11) NOT NULL,
  PRIMARY KEY (`course_fee_id`),
  KEY `fk_course_fee_student_package1_idx` (`student_package_id`),
  CONSTRAINT `fk_course_fee_student_package1` FOREIGN KEY (`student_package_id`) REFERENCES `student_package` (`student_package_id`) ON DELETE CASCADE
) ENGINE=InnoDB AUTO_INCREMENT=146 DEFAULT CHARSET=utf8;



--
-- end  table dump : course_fee
--


--
-- Inserts of course_fee
--


/*!40000 ALTER TABLE `course_fee` DISABLE KEYS */;

--
-- start table insert : course_fee
--
INSERT INTO `course_fee`(`course_fee_id`, `amount`, `date`, `method`, `student_package_id`) VALUES 
(103, '2000.0', '2019-11-14', 1, 32),
(104, '1000.0', '2019-11-14', 1, 38),
(105, '2000.0', '2019-11-14', 1, 39),
(106, '9000.0', '2019-11-14', 1, 40),
(107, '6000.0', '2019-11-14', 1, 36),
(108, '10000.0', '2019-11-14', 1, 55),
(109, '10000.0', '2019-11-14', 1, 56),
(110, '11000.0', '2019-11-14', 1, 53),
(111, '6000.0', '2019-11-14', 1, 52),
(112, '15000.0', '2019-11-14', 1, 48),
(113, '3000.0', '2019-11-14', 1, 49),
(114, '18000.0', '2019-11-14', 1, 45),
(115, '4500.0', '2019-11-14', 1, 42),
(116, '12500.0', '2019-11-14', 1, 43),
(117, '2500.0', '2019-11-14', 1, 46),
(118, '2000.0', '2019-11-16', 2, 36),
(119, '5000.0', '2019-11-16', 1, 36),
(120, '2500.0', '2019-11-16', 2, 69),
(121, '8000.0', '2019-11-17', 1, 44),
(122, '8000.0', '2019-11-17', 1, 57),
(123, '2500.0', '2019-11-17', 1, 58),
(124, '4000.0', '2019-11-17', 1, 59),
(125, '2600.0', '2019-11-17', 1, 54),
(126, '2000.0', '2019-11-17', 1, 32),
(127, '7000.0', '2019-11-17', 1, 38),
(128, '8000.0', '2019-11-17', 1, 62),
(129, '9500.0', '2019-11-17', 1, 68),
(130, '2500.0', '2019-11-17', 1, 70),
(131, '3000.0', '2019-11-17', 1, 41),
(135, '10000.0', '2019-11-17', 1, 71),
(136, '4000.0', '2019-11-18', 1, 60),
(137, '9500.0', '2019-11-18', 1, 73),
(138, '3000.0', '2019-11-18', 1, 74),
(139, '4000.0', '2019-11-18', 1, 75),
(140, '500.0', '2019-11-19', 1, 36),
(142, '100.0', '2019-11-19', 1, 44),
(144, '100.0', '2019-11-19', 1, 44),
(145, '100.0', '2019-11-19', 1, 44);
--
-- end table insert : course_fee
--

/*!40000 ALTER TABLE `course_fee` ENABLE KEYS */;


--
-- start  table dump : exam_result
--

CREATE TABLE IF NOT EXISTS  `exam_result` (
  `exam_result_id` int(11) NOT NULL AUTO_INCREMENT,
  `date` date NOT NULL,
  `written_exam` int(11) DEFAULT NULL,
  `trial_exam` int(11) DEFAULT NULL,
  `written_exam_fail` int(11) DEFAULT NULL,
  `trial_exam_fail` int(11) DEFAULT NULL,
  PRIMARY KEY (`exam_result_id`)
) ENGINE=InnoDB AUTO_INCREMENT=20 DEFAULT CHARSET=utf8mb4 COLLATE=utf8mb4_0900_ai_ci;



--
-- end  table dump : exam_result
--


--
-- Inserts of exam_result
--


/*!40000 ALTER TABLE `exam_result` DISABLE KEYS */;

--
-- start table insert : exam_result
--
INSERT INTO `exam_result`(`exam_result_id`, `date`, `written_exam`, `trial_exam`, `written_exam_fail`, `trial_exam_fail`) VALUES 
(1, '2019-01-10', 10, 30, 9, 3),
(2, '2019-01-02', 20, 40, 18, 5),
(3, '2019-08-01', 100, 2, 100, 10),
(4, '2019-08-04', 5, 2, 0, 0),
(5, '2019-08-31', 10, 5, 0, 0),
(6, '2019-09-01', 10, 1, 0, 0),
(7, '2019-09-30', 10, 2, 0, 0),
(8, '2019-04-01', 20, 2, 2, 3),
(9, '2019-02-02', 40, 3, 12, 3),
(10, '2019-08-21', 2, 1, 0, 1),
(11, '2020-08-21', 14, 0, 10, 0),
(12, '2019-08-20', 1, 0, 0, 0),
(13, '2019-08-06', 0, 2, 0, 0),
(14, '2019-08-26', 0, 2, 0, 0),
(15, '2019-10-14', 1, 0, 0, 0),
(16, '2019-10-05', 1, 0, 0, 0),
(17, '2019-10-10', 3, 0, 2, 0),
(18, '2019-10-22', 2, 0, 0, 0),
(19, '2019-11-19', 0, 0, 4, 0);
--
-- end table insert : exam_result
--

/*!40000 ALTER TABLE `exam_result` ENABLE KEYS */;


--
-- start  table dump : feedback
--

CREATE TABLE IF NOT EXISTS  `feedback` (
  `feedback_id` int(11) NOT NULL AUTO_INCREMENT,
  `feedback` varchar(100) NOT NULL,
  `student_id` int(11) NOT NULL,
  PRIMARY KEY (`feedback_id`),
  KEY `fk_feedback_student1_idx` (`student_id`),
  CONSTRAINT `fk_feedback_student1` FOREIGN KEY (`student_id`) REFERENCES `student` (`student_id`)
) ENGINE=InnoDB DEFAULT CHARSET=utf8;



--
-- end  table dump : feedback
--



--
-- start  table dump : fuel_payment
--

CREATE TABLE IF NOT EXISTS  `fuel_payment` (
  `fuel_payment_id` int(11) NOT NULL AUTO_INCREMENT,
  `month` int(11) NOT NULL,
  `amount` int(11) NOT NULL,
  `date` date NOT NULL,
  `admin_staff_id` int(11) NOT NULL,
  PRIMARY KEY (`fuel_payment_id`),
  KEY `fk_fuel_payment_admin_staff1_idx` (`admin_staff_id`),
  CONSTRAINT `fk_fuel_payment_admin_staff1` FOREIGN KEY (`admin_staff_id`) REFERENCES `admin_staff` (`admin_staff_id`)
) ENGINE=InnoDB AUTO_INCREMENT=6 DEFAULT CHARSET=utf8;



--
-- end  table dump : fuel_payment
--


--
-- Inserts of fuel_payment
--


/*!40000 ALTER TABLE `fuel_payment` DISABLE KEYS */;

--
-- start table insert : fuel_payment
--
INSERT INTO `fuel_payment`(`fuel_payment_id`, `month`, `amount`, `date`, `admin_staff_id`) VALUES 
(1, 1, 3000, '2019-02-02', 2),
(2, 3, 25000, '2019-04-02', 2),
(3, 2, 22000, '2019-03-02', 2),
(4, 5, 2000, '2019-06-02', 2),
(5, 6, 15000, '2019-12-27', 2);
--
-- end table insert : fuel_payment
--

/*!40000 ALTER TABLE `fuel_payment` ENABLE KEYS */;


--
-- start  table dump : instructor
--

CREATE TABLE IF NOT EXISTS  `instructor` (
  `instructor_id` int(11) NOT NULL AUTO_INCREMENT,
  `licence` varchar(10) NOT NULL,
  `staff_id` int(11) NOT NULL,
  PRIMARY KEY (`instructor_id`),
  KEY `fk_instructor_staff1_idx` (`staff_id`),
  CONSTRAINT `fk_instructor_staff1` FOREIGN KEY (`staff_id`) REFERENCES `staff` (`staff_id`)
) ENGINE=InnoDB AUTO_INCREMENT=11 DEFAULT CHARSET=utf8;



--
-- end  table dump : instructor
--


--
-- Inserts of instructor
--


/*!40000 ALTER TABLE `instructor` DISABLE KEYS */;

--
-- start table insert : instructor
--
INSERT INTO `instructor`(`instructor_id`, `licence`, `staff_id`) VALUES 
(1, '123333', 3),
(2, '444444', 4),
(3, '334222', 5),
(4, '458888', 6);
--
-- end table insert : instructor
--

/*!40000 ALTER TABLE `instructor` ENABLE KEYS */;


--
-- start  table dump : instructor_notification
--

CREATE TABLE IF NOT EXISTS  `instructor_notification` (
  `instructor_notification_id` int(11) NOT NULL AUTO_INCREMENT,
  `view` tinyint(1) NOT NULL,
  `date` date NOT NULL,
  `message` longtext NOT NULL,
  `notification_type` varchar(45) NOT NULL,
  `instructor_id` int(11) NOT NULL,
  `time` time NOT NULL,
  PRIMARY KEY (`instructor_notification_id`),
  KEY `fk_instructor_notification_instructor1_idx` (`instructor_id`),
  CONSTRAINT `fk_instructor_notification_instructor1` FOREIGN KEY (`instructor_id`) REFERENCES `instructor` (`instructor_id`)
) ENGINE=InnoDB AUTO_INCREMENT=206 DEFAULT CHARSET=utf8mb4 COLLATE=utf8mb4_0900_ai_ci;



--
-- end  table dump : instructor_notification
--


--
-- Inserts of instructor_notification
--


/*!40000 ALTER TABLE `instructor_notification` DISABLE KEYS */;

--
-- start table insert : instructor_notification
--
INSERT INTO `instructor_notification`(`instructor_notification_id`, `view`, `date`, `message`, `notification_type`, `instructor_id`, `time`) VALUES 
(183, 1, '2019-10-20', '"Full Course Light Vehicle-Car" lesson\'s on Tuesday at 15:30:18:30 Which Lesson\'s path: Maharagama:Homagama is changed to Badulla:Homagama ', '1', 3, '15:31:30'),
(184, 1, '2019-10-20', 'New instructor assign for your lesson(Full Course Light Vehicle-Car) on Tuesday at 15:30-18:30', '2', 3, '15:32:46'),
(185, 0, '2019-10-20', 'Assign new Full Course Light Vehicle-Car lesson for you on Tuesday at 15:30-18:30', '3', 2, '15:32:46'),
(186, 0, '2019-11-10', 'New instructor assign for your lesson(Full Course Light Vehicle-Car) on Tuesday at 15:30-18:30', '2', 2, '22:08:01'),
(187, 1, '2019-11-10', 'Assign new Full Course Light Vehicle-Car lesson for you on Tuesday at 15:30-18:30', '3', 3, '22:08:02'),
(188, 1, '2019-11-11', '"Full Course Light Vehicle-Car" lesson\'s on Wednesday at 11:30:14:30 Which ', '1', 3, '16:57:00'),
(189, 0, '2019-11-15', 'Assign new "Light Vehicle Course-Bike" lesson for you on Wednesday at 11:30-14:30', '3', 4, '13:51:54'),
(190, 0, '2019-11-16', 'Assign new "Full Course Light Vehicle-Car" lesson for you on Monday at 07:30-10:30', '3', 2, '16:28:52'),
(191, 1, '2019-11-16', 'Cancel Full Course Light Vehicle-Car\'s lesson on Tuesday at 15:30-18:30', '4', 3, '16:33:39'),
(192, 1, '2019-11-16', 'Cancel Full Course Light Vehicle-Car\'s lesson on Friday at 15:30-18:30', '4', 3, '16:33:51'),
(193, 1, '2019-11-16', 'New instructor assign for your lesson(Full Course Light Vehicle-Car) on Wednesday at 11:30-14:30', '2', 3, '16:59:36'),
(194, 0, '2019-11-16', 'Assign new Full Course Light Vehicle-Car lesson for you on Wednesday at 07:30-10:30', '3', 1, '16:59:36'),
(195, 0, '2019-11-16', '"Full Course Light Vehicle-Car" lesson\'s on Wednesday at 07:30:10:30 Which ', '1', 1, '17:00:08'),
(196, 0, '2019-11-16', '"Full Course Light Vehicle-Car" lesson\'s on Wednesday at 07:30:10:30 Which ', '1', 1, '17:00:09'),
(197, 1, '2019-11-16', 'Cancel Full Course Light Vehicle-Car\'s lesson on Thursday at 07:30-10:30', '4', 3, '17:02:35'),
(198, 1, '2019-11-16', 'Assign new "Full Course Light Vehicle-Car" lesson for you on Friday at 15:30-18:30', '3', 3, '17:03:39'),
(199, 0, '2019-11-16', 'Assign new "Full Course Light Vehicle-Car" lesson for you on Saturday at 07:30-10:30', '3', 2, '17:04:49'),
(200, 1, '2019-11-17', 'Assign new "Full Course Light Vehicle-Car" lesson for you on Monday at 07:30-10:00', '3', 3, '17:33:53'),
(201, 1, '2019-11-17', 'Cancel Full Course Light Vehicle-Car\'s lesson on Friday at 15:30-18:00', '4', 3, '18:01:48'),
(202, 1, '2019-11-17', 'Assign new "Full Course Light Vehicle-Car" lesson for you on Thursday at 07:30-10:00', '3', 3, '18:03:31'),
(203, 0, '2019-11-18', 'Assign new "Light Vehicle Course-Bike" lesson for you on Monday at 11:30-14:00', '3', 4, '22:01:26'),
(204, 1, '2019-11-18', 'Assign new "Full Course Light Vehicle-Car" lesson for you on Monday at 15:30-18:00', '3', 3, '22:03:28'),
(205, 1, '2019-11-19', 'Assign new "Full Course Light Vehicle-Car" lesson for you on Friday at 15:30-18:00', '3', 3, '16:24:23');
--
-- end table insert : instructor_notification
--

/*!40000 ALTER TABLE `instructor_notification` ENABLE KEYS */;


--
-- start  table dump : insurance_payment
--

CREATE TABLE IF NOT EXISTS  `insurance_payment` (
  `insurance_payment_id` int(11) NOT NULL AUTO_INCREMENT,
  `date` date NOT NULL,
  `amount` double NOT NULL,
  `start_date` date NOT NULL,
  `end_date` date NOT NULL,
  `year` int(11) NOT NULL,
  `vehicle_id` int(11) NOT NULL,
  PRIMARY KEY (`insurance_payment_id`),
  KEY `fk_insurance_payment_vehicle1_idx` (`vehicle_id`),
  CONSTRAINT `fk_insurance_payment_vehicle1` FOREIGN KEY (`vehicle_id`) REFERENCES `vehicle` (`vehicle_id`)
) ENGINE=InnoDB AUTO_INCREMENT=4 DEFAULT CHARSET=utf8mb4 COLLATE=utf8mb4_0900_ai_ci;



--
-- end  table dump : insurance_payment
--


--
-- Inserts of insurance_payment
--


/*!40000 ALTER TABLE `insurance_payment` DISABLE KEYS */;

--
-- start table insert : insurance_payment
--
INSERT INTO `insurance_payment`(`insurance_payment_id`, `date`, `amount`, `start_date`, `end_date`, `year`, `vehicle_id`) VALUES 
(1, '2019-12-24', '2000.0', '2019-12-25', '2019-12-26', 2017, 3),
(2, '2019-12-24', '15000.0', '2018-01-02', '2018-12-26', 2018, 3),
(3, '2019-12-27', '15000.0', '2019-01-01', '2020-01-01', 2019, 3);
--
-- end table insert : insurance_payment
--

/*!40000 ALTER TABLE `insurance_payment` ENABLE KEYS */;


--
-- start  table dump : leave_setting
--

CREATE TABLE IF NOT EXISTS  `leave_setting` (
  `leave_setting_id` int(11) NOT NULL AUTO_INCREMENT,
  `num_leave` int(11) NOT NULL,
  `admin_id` int(11) NOT NULL,
  PRIMARY KEY (`leave_setting_id`),
  KEY `fk_leave_setting_admin1_idx` (`admin_id`),
  CONSTRAINT `fk_leave_setting_admin1` FOREIGN KEY (`admin_id`) REFERENCES `admin` (`admin_id`)
) ENGINE=InnoDB AUTO_INCREMENT=3 DEFAULT CHARSET=utf8;



--
-- end  table dump : leave_setting
--


--
-- Inserts of leave_setting
--


/*!40000 ALTER TABLE `leave_setting` DISABLE KEYS */;

--
-- start table insert : leave_setting
--
INSERT INTO `leave_setting`(`leave_setting_id`, `num_leave`, `admin_id`) VALUES 
(1, 1, 1);
--
-- end table insert : leave_setting
--

/*!40000 ALTER TABLE `leave_setting` ENABLE KEYS */;


--
-- start  table dump : lesson
--

CREATE TABLE IF NOT EXISTS  `lesson` (
  `lesson_id` int(11) NOT NULL AUTO_INCREMENT,
  `day` int(2) NOT NULL,
  `transmission` tinyint(1) NOT NULL,
  `num_stu` int(3) NOT NULL,
  `date` date DEFAULT NULL,
  `instructor_id` int(11) NOT NULL,
  `time_slot_id` int(11) NOT NULL,
  `package_id` int(11) NOT NULL,
  `path_id` int(11) NOT NULL,
  `status` tinyint(1) NOT NULL,
  PRIMARY KEY (`lesson_id`),
  KEY `fk_lesson_instructor1_idx` (`instructor_id`),
  KEY `fk_lesson_time_slot1_idx` (`time_slot_id`),
  KEY `fk_lesson_package1_idx` (`package_id`),
  KEY `fk_lesson_path1_idx` (`path_id`),
  CONSTRAINT `fk_lesson_instructor1` FOREIGN KEY (`instructor_id`) REFERENCES `instructor` (`instructor_id`),
  CONSTRAINT `fk_lesson_package1` FOREIGN KEY (`package_id`) REFERENCES `package` (`package_id`) ON UPDATE RESTRICT,
  CONSTRAINT `fk_lesson_path1` FOREIGN KEY (`path_id`) REFERENCES `path` (`path_id`),
  CONSTRAINT `fk_lesson_time_slot1` FOREIGN KEY (`time_slot_id`) REFERENCES `time_slot` (`time_slot_id`)
) ENGINE=InnoDB AUTO_INCREMENT=72 DEFAULT CHARSET=utf8;



--
-- end  table dump : lesson
--


--
-- Inserts of lesson
--


/*!40000 ALTER TABLE `lesson` DISABLE KEYS */;

--
-- start table insert : lesson
--
INSERT INTO `lesson`(`lesson_id`, `day`, `transmission`, `num_stu`, `date`, `instructor_id`, `time_slot_id`, `package_id`, `path_id`, `status`) VALUES 
(15, 6, 1, 10, '2019-09-01', 3, 5, 1, 25, 0),
(34, 1, 1, 14, '2019-09-01', 3, 6, 1, 27, 0),
(42, 5, 1, 2, '2019-09-01', 3, 5, 1, 25, 0),
(43, 3, 1, 3, '2019-09-01', 1, 1, 1, 27, 1),
(44, 5, 1, 12, '2019-09-01', 2, 1, 1, 23, 0),
(45, 0, 1, 5, '2019-09-23', 2, 5, 1, 25, 0),
(47, 1, 1, 6, '2019-09-25', 3, 5, 1, 27, 0),
(48, 3, 1, 5, '2019-09-25', 2, 5, 1, 25, 1),
(57, 2, 1, 12, '2019-10-05', 3, 1, 1, 23, 0),
(58, 0, 1, 12, '2019-10-06', 3, 1, 1, 23, 0),
(59, 0, 1, 10, '2019-10-06', 3, 6, 1, 23, 1),
(60, 2, 1, 6, '2019-10-14', 3, 6, 1, 27, 0),
(61, 4, 1, 7, '2019-10-20', 3, 1, 1, 23, 0),
(62, 5, 1, 6, '2019-10-20', 3, 6, 1, 23, 0),
(63, 3, 1, 6, '2019-11-15', 4, 5, 3, 25, 1),
(64, 1, 2, 3, '2019-11-16', 2, 1, 1, 23, 1),
(65, 5, 1, 3, '2019-11-16', 3, 6, 1, 25, 0),
(66, 6, 2, 3, '2019-11-16', 2, 1, 1, 23, 1),
(67, 1, 1, 3, '2019-11-17', 3, 1, 1, 23, 1),
(68, 4, 1, 6, '2019-11-17', 3, 1, 1, 23, 1),
(69, 1, 1, 5, '2019-11-18', 4, 5, 3, 23, 1),
(70, 1, 1, 3, '2019-11-18', 3, 6, 1, 23, 1),
(71, 5, 1, 6, '2019-11-19', 3, 6, 1, 25, 1);
--
-- end table insert : lesson
--

/*!40000 ALTER TABLE `lesson` ENABLE KEYS */;


--
-- start  table dump : lesson_day_feedback
--

CREATE TABLE IF NOT EXISTS  `lesson_day_feedback` (
  `lesson_day_feedback_id` int(11) NOT NULL AUTO_INCREMENT,
  `day1` int(11) DEFAULT NULL,
  `time1` int(11) DEFAULT NULL,
  `day2` int(11) DEFAULT NULL,
  `time2` int(11) DEFAULT NULL,
  `student_package_id` int(11) NOT NULL,
  PRIMARY KEY (`lesson_day_feedback_id`),
  KEY `fk_lesson_day_feedback_student_package1_idx` (`student_package_id`),
  CONSTRAINT `fk_lesson_day_feedback_student_package1` FOREIGN KEY (`student_package_id`) REFERENCES `student_package` (`student_package_id`) ON DELETE CASCADE
) ENGINE=InnoDB AUTO_INCREMENT=28 DEFAULT CHARSET=utf8mb4 COLLATE=utf8mb4_0900_ai_ci;



--
-- end  table dump : lesson_day_feedback
--


--
-- Inserts of lesson_day_feedback
--


/*!40000 ALTER TABLE `lesson_day_feedback` DISABLE KEYS */;

--
-- start table insert : lesson_day_feedback
--
INSERT INTO `lesson_day_feedback`(`lesson_day_feedback_id`, `day1`, `time1`, `day2`, `time2`, `student_package_id`) VALUES 
(27, 4, 1, 5, 1, 34);
--
-- end table insert : lesson_day_feedback
--

/*!40000 ALTER TABLE `lesson_day_feedback` ENABLE KEYS */;


--
-- start  table dump : maintainance
--

CREATE TABLE IF NOT EXISTS  `maintainance` (
  `maintaince_id` int(11) NOT NULL AUTO_INCREMENT,
  `type` varchar(255) NOT NULL,
  `description` varchar(255) NOT NULL,
  `amount` double NOT NULL,
  `date` date NOT NULL,
  `vehicle_id` int(11) NOT NULL,
  `maintainance_id` int(11) NOT NULL,
  PRIMARY KEY (`maintaince_id`),
  KEY `fk_maintainance_vehicle1_idx` (`vehicle_id`),
  CONSTRAINT `fk_maintainance_vehicle1` FOREIGN KEY (`vehicle_id`) REFERENCES `vehicle` (`vehicle_id`)
) ENGINE=InnoDB AUTO_INCREMENT=2 DEFAULT CHARSET=utf8;



--
-- end  table dump : maintainance
--


--
-- Inserts of maintainance
--


/*!40000 ALTER TABLE `maintainance` DISABLE KEYS */;

--
-- start table insert : maintainance
--
INSERT INTO `maintainance`(`maintaince_id`, `type`, `description`, `amount`, `date`, `vehicle_id`, `maintainance_id`) VALUES 
(1, 'Tinkaring', 'Vehicle tinkaring after 2 years', '15000.0', '2019-10-02', 3, 0);
--
-- end table insert : maintainance
--

/*!40000 ALTER TABLE `maintainance` ENABLE KEYS */;


--
-- start  table dump : message
--

CREATE TABLE IF NOT EXISTS  `message` (
  `msg_id` int(11) NOT NULL AUTO_INCREMENT,
  `question` varchar(150) NOT NULL,
  `reply` varchar(45) DEFAULT NULL,
  `student_id` int(11) NOT NULL,
  PRIMARY KEY (`msg_id`),
  KEY `fk_message_student1_idx` (`student_id`),
  CONSTRAINT `fk_message_student1` FOREIGN KEY (`student_id`) REFERENCES `student` (`student_id`) ON DELETE CASCADE
) ENGINE=InnoDB DEFAULT CHARSET=utf8;



--
-- end  table dump : message
--



--
-- start  table dump : notification
--

CREATE TABLE IF NOT EXISTS  `notification` (
  `notification_id` int(11) NOT NULL AUTO_INCREMENT,
  `notification_type` tinyint(1) NOT NULL,
  `message` longtext NOT NULL,
  `date` date NOT NULL,
  `time` time NOT NULL,
  PRIMARY KEY (`notification_id`)
) ENGINE=InnoDB AUTO_INCREMENT=197 DEFAULT CHARSET=utf8mb4 COLLATE=utf8mb4_0900_ai_ci;



--
-- end  table dump : notification
--


--
-- Inserts of notification
--


/*!40000 ALTER TABLE `notification` DISABLE KEYS */;

--
-- start table insert : notification
--
INSERT INTO `notification`(`notification_id`, `notification_type`, `message`, `date`, `time`) VALUES 
(174, 1, '"Full Course Light Vehicle-Car" lesson\'s on Tuesday at 15:30:18:30 Which Lesson\'s path: Maharagama:Homagama is changed to Badulla:Homagama ', '2019-10-20', '15:31:29'),
(175, 1, '"Full Course Light Vehicle-Car" lesson\'s on Tuesday at 15:30:18:30 Which  Assign new instructor kapila instead of chamod ', '2019-10-20', '15:32:46'),
(176, 1, '"Full Course Light Vehicle-Car" lesson\'s on Tuesday at 15:30:18:30 Which  Assign new instructor Chamod instead of Kapila ', '2019-11-10', '22:08:00'),
(177, 1, '"Full Course Light Vehicle-Car" lesson\'s on Wednesday at 11:30:14:30 Which ', '2019-11-11', '16:57:00'),
(178, 4, 'New jksalksalk Package(Course) Published', '2019-11-14', '14:59:26'),
(179, 4, 'New sasas Package(Course) Published', '2019-11-14', '15:02:46'),
(180, 4, 'New qasasa Package(Course) Published', '2019-11-14', '15:04:43'),
(181, 2, '"Light Vehicle Course-Bike" new lesson publish on Wednesday at 11:30-14:30', '2019-11-15', '13:51:52'),
(182, 2, '"Full Course Light Vehicle-Car" new lesson publish on Monday at 07:30-10:30', '2019-11-16', '16:28:50'),
(183, 3, 'Cancel Full Course Light Vehicle-Car\'s lesson on Tuesday at 15:30-18:30', '2019-11-16', '16:33:38'),
(184, 3, 'Cancel Full Course Light Vehicle-Car\'s lesson on Friday at 15:30-18:30', '2019-11-16', '16:33:51'),
(185, 1, '"Full Course Light Vehicle-Car" lesson\'s on Wednesday at 11:30:14:30 Which Time: 11:30-14:30 is changed to 07:30-10:30 and  Assign new instructor Saman instead of Lal ', '2019-11-16', '16:59:36'),
(186, 1, '"Full Course Light Vehicle-Car" lesson\'s on Wednesday at 07:30:10:30 Which ', '2019-11-16', '17:00:05'),
(187, 1, '"Full Course Light Vehicle-Car" lesson\'s on Wednesday at 07:30:10:30 Which ', '2019-11-16', '17:00:08'),
(188, 3, 'Cancel Full Course Light Vehicle-Car\'s lesson on Thursday at 07:30-10:30', '2019-11-16', '17:02:34'),
(189, 2, '"Full Course Light Vehicle-Car" new lesson publish on Friday at 15:30-18:30', '2019-11-16', '17:03:37'),
(190, 2, '"Full Course Light Vehicle-Car" new lesson publish on Saturday at 07:30-10:30', '2019-11-16', '17:04:48'),
(191, 2, '"Full Course Light Vehicle-Car" new lesson publish on Monday at 07:30-10:00', '2019-11-17', '17:33:51'),
(192, 3, 'Cancel Full Course Light Vehicle-Car\'s lesson on Friday at 15:30-18:00', '2019-11-17', '18:01:47'),
(193, 2, '"Full Course Light Vehicle-Car" new lesson publish on Thursday at 07:30-10:00', '2019-11-17', '18:03:29'),
(194, 2, '"Light Vehicle Course-Bike" new lesson publish on Monday at 11:30-14:00', '2019-11-18', '22:01:24'),
(195, 2, '"Full Course Light Vehicle-Car" new lesson publish on Monday at 15:30-18:00', '2019-11-18', '22:03:27'),
(196, 2, '"Full Course Light Vehicle-Car" new lesson publish on Friday at 15:30-18:00', '2019-11-19', '16:24:21');
--
-- end table insert : notification
--

/*!40000 ALTER TABLE `notification` ENABLE KEYS */;


--
-- start  table dump : package
--

CREATE TABLE IF NOT EXISTS  `package` (
  `package_id` int(11) NOT NULL AUTO_INCREMENT,
  `title` varchar(45) NOT NULL,
  `description` longtext NOT NULL,
  `price` decimal(10,0) NOT NULL,
  `status` tinyint(1) NOT NULL,
  `manual_les` int(11) DEFAULT NULL,
  `auto_les` int(11) DEFAULT NULL,
  `basic_payment` int(11) NOT NULL,
  `vehicle_category_id` int(11) NOT NULL,
  `package_image` tinyint(1) DEFAULT NULL,
  PRIMARY KEY (`package_id`),
  KEY `fk_package_vehicle_type1_idx` (`vehicle_category_id`),
  CONSTRAINT `FKrrn1swchtul2vcxjjibcvbftn` FOREIGN KEY (`vehicle_category_id`) REFERENCES `vehicle_category` (`vehicle_category_id`)
) ENGINE=InnoDB AUTO_INCREMENT=25 DEFAULT CHARSET=utf8;



--
-- end  table dump : package
--


--
-- Inserts of package
--


/*!40000 ALTER TABLE `package` DISABLE KEYS */;

--
-- start table insert : package
--
INSERT INTO `package`(`package_id`, `title`, `description`, `price`, `status`, `manual_les`, `auto_les`, `basic_payment`, `vehicle_category_id`, `package_image`) VALUES 
(1, 'Full Course Light Vehicle-Car', 'Better Course', '20000', 1, 20, 12, 40, 1, 0),
(2, 'Full Course Light Vehicle-Van', 'Bettwe Course', '20000', 1, 15, 0, 40, 2, 0),
(3, 'Light Vehicle Course-Bike', 'Better Course', '5000', 1, 10, 0, 50, 4, 0),
(4, 'Light Vehicle Course-ThreeWheel ', 'Better Course', '8000', 1, 12, 0, 50, 5, 0);
--
-- end table insert : package
--

/*!40000 ALTER TABLE `package` ENABLE KEYS */;


--
-- start  table dump : paper
--

CREATE TABLE IF NOT EXISTS  `paper` (
  `paper_id` int(11) NOT NULL AUTO_INCREMENT,
  `title` varchar(45) NOT NULL,
  PRIMARY KEY (`paper_id`)
) ENGINE=InnoDB DEFAULT CHARSET=utf8mb4 COLLATE=utf8mb4_0900_ai_ci;



--
-- end  table dump : paper
--



--
-- start  table dump : path
--

CREATE TABLE IF NOT EXISTS  `path` (
  `path_id` int(11) NOT NULL AUTO_INCREMENT,
  `path_name` varchar(100) NOT NULL,
  `origin` varchar(100) NOT NULL,
  `destination` varchar(100) NOT NULL,
  PRIMARY KEY (`path_id`)
) ENGINE=InnoDB AUTO_INCREMENT=30 DEFAULT CHARSET=utf8;



--
-- end  table dump : path
--


--
-- Inserts of path
--


/*!40000 ALTER TABLE `path` DISABLE KEYS */;

--
-- start table insert : path
--
INSERT INTO `path`(`path_id`, `path_name`, `origin`, `destination`) VALUES 
(23, 'HighLevel Road', 'Maharagama', 'Homagama'),
(25, 'High Level Road', 'Homagama', 'Nugegoda'),
(27, 'Padukka Road', 'Padukka', 'Homagama'),
(28, 'Galkissa Road', 'Kottawa', 'Galkissa'),
(29, 'HighLevel Road', 'Maharagama', 'Kaleniya');
--
-- end table insert : path
--

/*!40000 ALTER TABLE `path` ENABLE KEYS */;


--
-- start  table dump : pdf
--

CREATE TABLE IF NOT EXISTS  `pdf` (
  `pdf_id` int(11) NOT NULL AUTO_INCREMENT,
  `resource` varchar(45) NOT NULL,
  `admin_staff_id` int(11) NOT NULL,
  `added_date` date DEFAULT NULL,
  `description` varchar(255) DEFAULT NULL,
  `title` varchar(255) DEFAULT NULL,
  PRIMARY KEY (`pdf_id`),
  KEY `fk_pdf_admin_staff1_idx` (`admin_staff_id`),
  CONSTRAINT `fk_pdf_admin_staff1` FOREIGN KEY (`admin_staff_id`) REFERENCES `admin_staff` (`admin_staff_id`)
) ENGINE=InnoDB AUTO_INCREMENT=2 DEFAULT CHARSET=utf8;



--
-- end  table dump : pdf
--


--
-- Inserts of pdf
--


/*!40000 ALTER TABLE `pdf` DISABLE KEYS */;

--
-- start table insert : pdf
--
INSERT INTO `pdf`(`pdf_id`, `resource`, `admin_staff_id`, `added_date`, `description`, `title`) VALUES 
(1, 'kllkslk', 1, '2019-11-17', 'kdklslsdk', '');
--
-- end table insert : pdf
--

/*!40000 ALTER TABLE `pdf` ENABLE KEYS */;


--
-- start  table dump : question
--

CREATE TABLE IF NOT EXISTS  `question` (
  `question_id` int(11) NOT NULL AUTO_INCREMENT,
  `question` varchar(255) NOT NULL,
  `answer` int(11) NOT NULL,
  `paper_id` int(11) NOT NULL,
  PRIMARY KEY (`question_id`),
  KEY `fk_question_paper1_idx` (`paper_id`),
  CONSTRAINT `fk_question_paper1` FOREIGN KEY (`paper_id`) REFERENCES `paper` (`paper_id`)
) ENGINE=InnoDB DEFAULT CHARSET=utf8mb4 COLLATE=utf8mb4_0900_ai_ci;



--
-- end  table dump : question
--



--
-- start  table dump : salary
--

CREATE TABLE IF NOT EXISTS  `salary` (
  `salary_id` int(11) NOT NULL AUTO_INCREMENT,
  `month` int(11) NOT NULL,
  `total_payment` double NOT NULL,
  `payed` double NOT NULL,
  `nopay` double NOT NULL,
  `complete` tinyint(1) NOT NULL,
  `year` int(11) DEFAULT NULL,
  `date` date DEFAULT NULL,
  `staff_id` int(11) NOT NULL,
  PRIMARY KEY (`salary_id`),
  KEY `fk_salary_staff1_idx` (`staff_id`),
  CONSTRAINT `FK99rrj101jtcymi0lkqbjtsmdc` FOREIGN KEY (`staff_id`) REFERENCES `staff` (`staff_id`)
) ENGINE=InnoDB AUTO_INCREMENT=61 DEFAULT CHARSET=utf8;



--
-- end  table dump : salary
--


--
-- Inserts of salary
--


/*!40000 ALTER TABLE `salary` DISABLE KEYS */;

--
-- start table insert : salary
--
INSERT INTO `salary`(`salary_id`, `month`, `total_payment`, `payed`, `nopay`, `complete`, `year`, `date`, `staff_id`) VALUES 
(1, 10, '6400.0', '5000.0', '100.0', 0, 2019, '2019-12-27', 1),
(2, 10, '0.0', '0.0', '0.0', 0, 2019, '', 2),
(3, 10, '0.0', '0.0', '0.0', 0, 2019, '', 3),
(4, 10, '0.0', '0.0', '0.0', 0, 2019, '', 4),
(5, 10, '0.0', '0.0', '0.0', 0, 2019, '', 5),
(6, 10, '0.0', '0.0', '0.0', 0, 2019, '', 6),
(7, 11, '2400.0', '1000.0', '0.0', 0, 2019, '', 1),
(8, 11, '2001.0', '0.0', '0.0', 0, 2019, '', 2),
(9, 11, '0.0', '0.0', '0.0', 0, 2019, '', 3),
(10, 11, '0.0', '0.0', '0.0', 0, 2019, '', 4),
(11, 11, '0.0', '0.0', '0.0', 0, 2019, '', 5),
(12, 11, '0.0', '0.0', '0.0', 0, 2019, '', 6),
(13, 3, '0.0', '0.0', '0.0', 0, 2019, '', 1),
(14, 3, '0.0', '0.0', '0.0', 0, 2019, '', 2),
(15, 3, '0.0', '0.0', '0.0', 0, 2019, '', 3),
(16, 3, '0.0', '0.0', '0.0', 0, 2019, '', 4),
(17, 3, '0.0', '0.0', '0.0', 0, 2019, '', 5),
(18, 3, '0.0', '0.0', '0.0', 0, 2019, '', 6),
(19, 1, '0.0', '0.0', '0.0', 0, 2019, '', 1),
(20, 1, '0.0', '0.0', '0.0', 0, 2019, '', 2),
(21, 1, '0.0', '0.0', '0.0', 0, 2019, '', 3),
(22, 1, '0.0', '0.0', '0.0', 0, 2019, '', 4),
(23, 1, '0.0', '0.0', '0.0', 0, 2019, '', 5),
(24, 1, '0.0', '0.0', '0.0', 0, 2019, '', 6),
(25, 9, '1200.0', '0.0', '0.0', 0, 2019, '', 1),
(26, 9, '0.0', '0.0', '0.0', 0, 2019, '', 2),
(27, 9, '0.0', '0.0', '0.0', 0, 2019, '', 3),
(28, 9, '0.0', '0.0', '0.0', 0, 2019, '', 4),
(29, 9, '0.0', '0.0', '0.0', 0, 2019, '', 5),
(30, 9, '0.0', '0.0', '0.0', 0, 2019, '', 6),
(31, 2, '0.0', '0.0', '0.0', 0, 2019, '', 1),
(32, 2, '0.0', '0.0', '0.0', 0, 2019, '', 2),
(33, 2, '0.0', '0.0', '0.0', 0, 2019, '', 3),
(34, 2, '0.0', '0.0', '0.0', 0, 2019, '', 4),
(35, 2, '0.0', '0.0', '0.0', 0, 2019, '', 5),
(36, 2, '0.0', '0.0', '0.0', 0, 2019, '', 6),
(37, 4, '0.0', '0.0', '0.0', 0, 2019, '', 1),
(38, 4, '0.0', '0.0', '0.0', 0, 2019, '', 2),
(39, 4, '0.0', '0.0', '0.0', 0, 2019, '', 3),
(40, 4, '0.0', '0.0', '0.0', 0, 2019, '', 4),
(41, 4, '0.0', '0.0', '0.0', 0, 2019, '', 5),
(42, 4, '0.0', '0.0', '0.0', 0, 2019, '', 6),
(43, 12, '0.0', '0.0', '0.0', 0, 2019, '', 1),
(44, 12, '0.0', '0.0', '0.0', 0, 2019, '', 2),
(45, 12, '0.0', '0.0', '0.0', 0, 2019, '', 3),
(46, 12, '0.0', '0.0', '0.0', 0, 2019, '', 4),
(47, 12, '0.0', '0.0', '0.0', 0, 2019, '', 5),
(48, 12, '0.0', '0.0', '0.0', 0, 2019, '', 6),
(49, 8, '0.0', '0.0', '0.0', 0, 2019, '', 1),
(50, 8, '0.0', '0.0', '0.0', 0, 2019, '', 2),
(51, 8, '0.0', '0.0', '0.0', 0, 0, '', 3),
(52, 8, '0.0', '0.0', '0.0', 0, 0, '', 4),
(53, 8, '0.0', '0.0', '0.0', 0, 0, '', 5),
(54, 8, '0.0', '0.0', '0.0', 0, 0, '', 6),
(55, 12, '0.0', '0.0', '0.0', 0, 2020, '', 1),
(56, 12, '0.0', '0.0', '0.0', 0, 2020, '', 2),
(57, 12, '0.0', '0.0', '0.0', 0, 2020, '', 3),
(58, 12, '0.0', '0.0', '0.0', 0, 2020, '', 4),
(59, 12, '0.0', '0.0', '0.0', 0, 2020, '', 5),
(60, 12, '0.0', '0.0', '0.0', 0, 2020, '', 6);
--
-- end table insert : salary
--

/*!40000 ALTER TABLE `salary` ENABLE KEYS */;


--
-- start  table dump : salary_information
--

CREATE TABLE IF NOT EXISTS  `salary_information` (
  `salary_information_id` int(11) NOT NULL AUTO_INCREMENT,
  `staff_type` tinyint(1) NOT NULL,
  `full_day_salary` double NOT NULL,
  `half_day_salary` double NOT NULL,
  `nopay` double NOT NULL,
  `admin_id` int(11) NOT NULL,
  PRIMARY KEY (`salary_information_id`),
  KEY `fk_salary_information_admin1_idx` (`admin_id`),
  CONSTRAINT `fk_salary_information_admin1` FOREIGN KEY (`admin_id`) REFERENCES `admin` (`admin_id`)
) ENGINE=InnoDB AUTO_INCREMENT=6 DEFAULT CHARSET=utf8;



--
-- end  table dump : salary_information
--


--
-- Inserts of salary_information
--


/*!40000 ALTER TABLE `salary_information` DISABLE KEYS */;

--
-- start table insert : salary_information
--
INSERT INTO `salary_information`(`salary_information_id`, `staff_type`, `full_day_salary`, `half_day_salary`, `nopay`, `admin_id`) VALUES 
(2, 3, '1000.5', '300.25', '200.0', 1),
(4, 2, '1200.0', '400.0', '100.0', 1),
(5, 4, '800.0', '300.0', '100.0', 1);
--
-- end table insert : salary_information
--

/*!40000 ALTER TABLE `salary_information` ENABLE KEYS */;


--
-- start  table dump : staff
--

CREATE TABLE IF NOT EXISTS  `staff` (
  `staff_id` int(11) NOT NULL AUTO_INCREMENT,
  `user_id` int(11) NOT NULL,
  PRIMARY KEY (`staff_id`),
  KEY `fk_staff_user1_idx` (`user_id`),
  CONSTRAINT `fk_staff_user1` FOREIGN KEY (`user_id`) REFERENCES `user` (`user_id`)
) ENGINE=InnoDB AUTO_INCREMENT=28 DEFAULT CHARSET=utf8;



--
-- end  table dump : staff
--


--
-- Inserts of staff
--


/*!40000 ALTER TABLE `staff` DISABLE KEYS */;

--
-- start table insert : staff
--
INSERT INTO `staff`(`staff_id`, `user_id`) VALUES 
(1, 1),
(2, 84),
(3, 85),
(4, 86),
(5, 87),
(6, 88);
--
-- end table insert : staff
--

/*!40000 ALTER TABLE `staff` ENABLE KEYS */;


--
-- start  table dump : staff_leave
--

CREATE TABLE IF NOT EXISTS  `staff_leave` (
  `staff_leave_id` int(11) NOT NULL AUTO_INCREMENT,
  `reason` varchar(100) NOT NULL,
  `date` date NOT NULL,
  `staff_id` int(11) NOT NULL,
  PRIMARY KEY (`staff_leave_id`),
  KEY `fk_leave_staff1_idx` (`staff_id`),
  CONSTRAINT `fk_leave_staff1` FOREIGN KEY (`staff_id`) REFERENCES `staff` (`staff_id`)
) ENGINE=InnoDB AUTO_INCREMENT=10 DEFAULT CHARSET=utf8;



--
-- end  table dump : staff_leave
--


--
-- Inserts of staff_leave
--


/*!40000 ALTER TABLE `staff_leave` DISABLE KEYS */;

--
-- start table insert : staff_leave
--
INSERT INTO `staff_leave`(`staff_leave_id`, `reason`, `date`, `staff_id`) VALUES 
(1, 'njdsskjdsk', '2019-11-02', 2),
(2, 'saaaaa', '2019-10-05', 1),
(3, 'jkjjkjk', '2019-10-06', 1);
--
-- end table insert : staff_leave
--

/*!40000 ALTER TABLE `staff_leave` ENABLE KEYS */;


--
-- start  table dump : student
--

CREATE TABLE IF NOT EXISTS  `student` (
  `student_id` int(11) NOT NULL AUTO_INCREMENT,
  `exam_date` varchar(100) DEFAULT NULL,
  `trial_date` varchar(100) DEFAULT NULL,
  `user_id` int(11) NOT NULL,
  `address` varchar(255) DEFAULT NULL,
  PRIMARY KEY (`student_id`),
  KEY `fk_student_user1_idx` (`user_id`),
  CONSTRAINT `fk_student_user1` FOREIGN KEY (`user_id`) REFERENCES `user` (`user_id`) ON DELETE CASCADE
) ENGINE=InnoDB AUTO_INCREMENT=82 DEFAULT CHARSET=utf8;



--
-- end  table dump : student
--


--
-- Inserts of student
--


/*!40000 ALTER TABLE `student` DISABLE KEYS */;

--
-- start table insert : student
--
INSERT INTO `student`(`student_id`, `exam_date`, `trial_date`, `user_id`, `address`) VALUES 
(33, '2019-11-14', '', 71, ''),
(54, '2019-11-20', '', 103, ''),
(56, '2019-10-22', '', 105, ''),
(64, '', '2020-01-25', 118, ''),
(65, '', '', 119, ''),
(66, '', '', 120, ''),
(67, '', '', 122, ''),
(68, '', '', 123, ''),
(69, '2019-11-30', '', 124, ''),
(70, '', '', 125, ''),
(71, '', '', 126, ''),
(72, '2019-11-14', '', 127, ''),
(73, '2019-11-20', '', 128, ''),
(74, '2019-11-19', '', 129, ''),
(75, '2019-11-19', '', 130, ''),
(76, '2019-11-19', '', 131, ''),
(77, '2019-11-19', '', 132, ''),
(78, '', '', 133, ''),
(79, '', '', 134, ''),
(80, '', '', 135, ''),
(81, '', '2019-12-29', 136, '');
--
-- end table insert : student
--

/*!40000 ALTER TABLE `student` ENABLE KEYS */;


--
-- start  table dump : student_lesson
--

CREATE TABLE IF NOT EXISTS  `student_lesson` (
  `student_lesson_id` int(11) NOT NULL AUTO_INCREMENT,
  `date` date NOT NULL,
  `complete` tinyint(1) NOT NULL,
  `student_id` int(11) NOT NULL,
  `lesson_id` int(11) NOT NULL,
  PRIMARY KEY (`student_lesson_id`),
  KEY `fk_student_lesson_student1_idx` (`student_id`),
  KEY `fk_student_lesson_lesson1_idx` (`lesson_id`),
  CONSTRAINT `fk_student_lesson_lesson1` FOREIGN KEY (`lesson_id`) REFERENCES `lesson` (`lesson_id`),
  CONSTRAINT `fk_student_lesson_student1` FOREIGN KEY (`student_id`) REFERENCES `student` (`student_id`) ON DELETE CASCADE ON UPDATE CASCADE
) ENGINE=InnoDB AUTO_INCREMENT=71 DEFAULT CHARSET=utf8mb4 COLLATE=utf8mb4_0900_ai_ci;



--
-- end  table dump : student_lesson
--


--
-- Inserts of student_lesson
--


/*!40000 ALTER TABLE `student_lesson` DISABLE KEYS */;

--
-- start table insert : student_lesson
--
INSERT INTO `student_lesson`(`student_lesson_id`, `date`, `complete`, `student_id`, `lesson_id`) VALUES 
(52, '2019-11-20', 0, 80, 43),
(53, '2019-12-04', 0, 80, 43),
(54, '2019-12-01', 0, 80, 59),
(55, '2019-11-20', 0, 65, 43),
(56, '2019-12-04', 0, 65, 43),
(57, '2019-12-11', 0, 65, 43),
(58, '2019-11-27', 0, 65, 43),
(59, '2019-11-24', 0, 65, 59),
(60, '2019-12-01', 0, 65, 59),
(61, '2019-12-08', 0, 65, 59),
(63, '2019-11-21', 0, 81, 68),
(64, '2019-11-28', 0, 81, 68),
(65, '2019-12-12', 0, 81, 68),
(66, '2019-12-19', 0, 81, 68),
(67, '2019-12-26', 0, 81, 68),
(68, '2019-11-25', 0, 81, 67);
--
-- end table insert : student_lesson
--

/*!40000 ALTER TABLE `student_lesson` ENABLE KEYS */;


--
-- start  table dump : student_notification
--

CREATE TABLE IF NOT EXISTS  `student_notification` (
  `student_notification_id` int(11) NOT NULL AUTO_INCREMENT,
  `view` tinyint(1) NOT NULL,
  `notification_id` int(11) NOT NULL,
  `student_id` int(11) NOT NULL,
  PRIMARY KEY (`student_notification_id`),
  KEY `fk_student_notification_notification1_idx` (`notification_id`),
  KEY `fk_student_notification_student1_idx` (`student_id`),
  CONSTRAINT `fk_student_notification_notification1` FOREIGN KEY (`notification_id`) REFERENCES `notification` (`notification_id`) ON UPDATE CASCADE,
  CONSTRAINT `fk_student_notification_student1` FOREIGN KEY (`student_id`) REFERENCES `student` (`student_id`) ON DELETE CASCADE ON UPDATE CASCADE
) ENGINE=InnoDB AUTO_INCREMENT=194 DEFAULT CHARSET=utf8mb4 COLLATE=utf8mb4_0900_ai_ci;



--
-- end  table dump : student_notification
--


--
-- Inserts of student_notification
--


/*!40000 ALTER TABLE `student_notification` DISABLE KEYS */;

--
-- start table insert : student_notification
--
INSERT INTO `student_notification`(`student_notification_id`, `view`, `notification_id`, `student_id`) VALUES 
(97, 0, 178, 54),
(98, 0, 178, 56),
(99, 1, 178, 64),
(100, 1, 178, 65),
(101, 0, 178, 66),
(102, 0, 178, 67),
(103, 0, 178, 68),
(104, 0, 179, 54),
(105, 0, 179, 56),
(106, 1, 179, 64),
(107, 1, 179, 65),
(108, 0, 179, 66),
(109, 0, 179, 67),
(110, 0, 179, 68),
(111, 0, 180, 54),
(112, 0, 180, 56),
(113, 1, 180, 64),
(114, 1, 180, 65),
(115, 0, 180, 66),
(116, 0, 180, 67),
(117, 0, 180, 68),
(118, 1, 181, 64),
(119, 0, 181, 54),
(120, 0, 181, 56),
(121, 0, 181, 69),
(122, 0, 181, 70),
(123, 0, 181, 72),
(124, 0, 182, 54),
(125, 0, 182, 67),
(126, 0, 182, 74),
(127, 0, 183, 65),
(128, 1, 189, 64),
(129, 0, 189, 65),
(130, 0, 189, 56),
(131, 0, 189, 69),
(132, 0, 189, 73),
(133, 0, 189, 76),
(134, 0, 189, 75),
(135, 0, 189, 77),
(136, 0, 189, 78),
(137, 0, 190, 54),
(138, 0, 190, 67),
(139, 0, 190, 74),
(140, 1, 191, 64),
(141, 0, 191, 65),
(142, 0, 191, 56),
(143, 0, 191, 69),
(144, 0, 191, 73),
(145, 0, 191, 76),
(146, 0, 191, 75),
(147, 0, 191, 77),
(148, 0, 191, 78),
(149, 0, 191, 80),
(150, 1, 192, 64),
(151, 1, 193, 64),
(152, 0, 193, 65),
(153, 0, 193, 56),
(154, 0, 193, 69),
(155, 0, 193, 73),
(156, 0, 193, 76),
(157, 0, 193, 75),
(158, 0, 193, 77),
(159, 0, 193, 78),
(160, 0, 193, 80),
(161, 1, 194, 64),
(162, 0, 194, 54),
(163, 0, 194, 56),
(164, 0, 194, 69),
(165, 0, 194, 70),
(166, 0, 194, 72),
(167, 0, 194, 76),
(168, 0, 194, 75),
(169, 0, 194, 74),
(170, 0, 194, 77),
(171, 0, 194, 66),
(172, 0, 194, 80),
(173, 1, 194, 81),
(174, 1, 195, 64),
(175, 0, 195, 65),
(176, 0, 195, 56),
(177, 0, 195, 69),
(178, 0, 195, 73),
(179, 0, 195, 76),
(180, 0, 195, 75),
(181, 0, 195, 77),
(182, 0, 195, 80),
(183, 1, 195, 81),
(184, 1, 196, 64),
(185, 0, 196, 65),
(186, 0, 196, 56),
(187, 0, 196, 69),
(188, 0, 196, 73),
(189, 0, 196, 76),
(190, 0, 196, 75),
(191, 0, 196, 77),
(192, 0, 196, 80),
(193, 1, 196, 81);
--
-- end table insert : student_notification
--

/*!40000 ALTER TABLE `student_notification` ENABLE KEYS */;


--
-- start  table dump : student_package
--

CREATE TABLE IF NOT EXISTS  `student_package` (
  `student_package_id` int(11) NOT NULL AUTO_INCREMENT,
  `join_date` date NOT NULL,
  `transmission` tinyint(1) NOT NULL,
  `package_id` int(11) NOT NULL,
  `student_id` int(11) NOT NULL,
  PRIMARY KEY (`student_package_id`),
  KEY `fk_student_package_package1_idx` (`package_id`),
  KEY `fk_student_package_student1_idx` (`student_id`),
  CONSTRAINT `fk_student_package_package1` FOREIGN KEY (`package_id`) REFERENCES `package` (`package_id`) ON DELETE CASCADE ON UPDATE RESTRICT,
  CONSTRAINT `fk_student_package_student1` FOREIGN KEY (`student_id`) REFERENCES `student` (`student_id`) ON DELETE CASCADE
) ENGINE=InnoDB AUTO_INCREMENT=78 DEFAULT CHARSET=utf8;



--
-- end  table dump : student_package
--


--
-- Inserts of student_package
--


/*!40000 ALTER TABLE `student_package` DISABLE KEYS */;

--
-- start table insert : student_package
--
INSERT INTO `student_package`(`student_package_id`, `join_date`, `transmission`, `package_id`, `student_id`) VALUES 
(14, '2019-08-19', 1, 2, 33),
(32, '2019-10-10', 1, 4, 54),
(34, '2019-11-13', 1, 1, 64),
(35, '2019-11-13', 1, 3, 64),
(36, '2019-11-13', 1, 1, 65),
(38, '2019-11-14', 2, 1, 54),
(39, '2019-11-14', 1, 3, 54),
(40, '2019-11-14', 1, 1, 56),
(41, '2019-11-14', 1, 3, 56),
(42, '2019-11-14', 1, 4, 66),
(43, '2019-11-14', 1, 2, 66),
(44, '2019-11-14', 2, 1, 67),
(45, '2019-11-14', 1, 2, 68),
(46, '2019-11-14', 1, 3, 68),
(47, '2019-11-14', 1, 4, 68),
(48, '2019-11-14', 1, 1, 69),
(49, '2019-11-14', 1, 3, 69),
(50, '2019-11-14', 1, 4, 70),
(51, '2019-11-14', 1, 3, 70),
(52, '2019-11-14', 1, 2, 71),
(53, '2019-11-14', 1, 2, 72),
(54, '2019-11-14', 1, 3, 72),
(55, '2019-11-14', 1, 1, 73),
(56, '2019-11-14', 1, 2, 73),
(57, '2019-11-16', 1, 1, 76),
(58, '2019-11-16', 1, 3, 76),
(59, '2019-11-16', 1, 4, 76),
(60, '2019-11-16', 1, 1, 75),
(61, '2019-11-16', 1, 3, 75),
(62, '2019-11-16', 2, 1, 74),
(63, '2019-11-16', 1, 3, 74),
(64, '2019-11-16', 1, 1, 77),
(65, '2019-11-16', 1, 3, 77),
(66, '2019-11-16', 1, 4, 77),
(67, '2019-11-16', 1, 4, 64),
(68, '2019-11-16', 1, 1, 78),
(69, '2019-11-16', 1, 3, 78),
(70, '2019-11-16', 1, 3, 66),
(71, '2019-11-17', 1, 1, 80),
(72, '2019-11-17', 1, 3, 80),
(73, '2019-11-18', 1, 1, 81),
(74, '2019-11-18', 1, 3, 81),
(75, '2019-11-18', 1, 4, 81),
(77, '2019-11-19', 1, 3, 67);
--
-- end table insert : student_package
--

/*!40000 ALTER TABLE `student_package` ENABLE KEYS */;


--
-- start  table dump : student_paper
--

CREATE TABLE IF NOT EXISTS  `student_paper` (
  `student_id` int(11) NOT NULL,
  `paper_id` int(11) NOT NULL,
  PRIMARY KEY (`student_id`,`paper_id`),
  KEY `fk_student_has_paper_paper1_idx` (`paper_id`),
  KEY `fk_student_has_paper_student1_idx` (`student_id`),
  CONSTRAINT `fk_student_has_paper_paper1` FOREIGN KEY (`paper_id`) REFERENCES `paper` (`paper_id`),
  CONSTRAINT `fk_student_has_paper_student1` FOREIGN KEY (`student_id`) REFERENCES `student` (`student_id`)
) ENGINE=InnoDB DEFAULT CHARSET=utf8;



--
-- end  table dump : student_paper
--



--
-- start  table dump : sub_path
--

CREATE TABLE IF NOT EXISTS  `sub_path` (
  `sub_path_id` int(11) NOT NULL AUTO_INCREMENT,
  `name` varchar(45) NOT NULL,
  `path_id` int(11) NOT NULL,
  PRIMARY KEY (`sub_path_id`),
  KEY `fk_sub_path_path1_idx` (`path_id`),
  CONSTRAINT `fk_sub_path_path1` FOREIGN KEY (`path_id`) REFERENCES `path` (`path_id`) ON DELETE CASCADE
) ENGINE=InnoDB AUTO_INCREMENT=51 DEFAULT CHARSET=utf8mb4 COLLATE=utf8mb4_0900_ai_ci;



--
-- end  table dump : sub_path
--


--
-- Inserts of sub_path
--


/*!40000 ALTER TABLE `sub_path` DISABLE KEYS */;

--
-- start table insert : sub_path
--
INSERT INTO `sub_path`(`sub_path_id`, `name`, `path_id`) VALUES 
(40, 'kottawa', 25),
(41, 'Maharagama', 25),
(47, 'Piliyandala', 28),
(48, 'Padukka', 27),
(49, 'Godagama', 27),
(50, 'Homagama', 27);
--
-- end table insert : sub_path
--

/*!40000 ALTER TABLE `sub_path` ENABLE KEYS */;


--
-- start  table dump : time_slot
--

CREATE TABLE IF NOT EXISTS  `time_slot` (
  `time_slot_id` int(11) NOT NULL AUTO_INCREMENT,
  `start_time` time NOT NULL,
  `finish_time` time NOT NULL,
  PRIMARY KEY (`time_slot_id`)
) ENGINE=InnoDB AUTO_INCREMENT=11 DEFAULT CHARSET=utf8;



--
-- end  table dump : time_slot
--


--
-- Inserts of time_slot
--


/*!40000 ALTER TABLE `time_slot` DISABLE KEYS */;

--
-- start table insert : time_slot
--
INSERT INTO `time_slot`(`time_slot_id`, `start_time`, `finish_time`) VALUES 
(1, '07:30:00', '10:00:00'),
(5, '11:30:00', '14:00:00'),
(6, '15:30:00', '18:00:00');
--
-- end table insert : time_slot
--

/*!40000 ALTER TABLE `time_slot` ENABLE KEYS */;


--
-- start  table dump : user
--

CREATE TABLE IF NOT EXISTS  `user` (
  `user_id` int(11) NOT NULL AUTO_INCREMENT,
  `first_name` varchar(255) NOT NULL,
  `last_name` varchar(255) NOT NULL,
  `tel` varchar(10) NOT NULL,
  `nic` varchar(10) NOT NULL,
  `address` varchar(255) NOT NULL,
  `email` varchar(45) NOT NULL,
  `password` varchar(255) NOT NULL,
  `status` tinyint(1) NOT NULL,
  `role` tinyint(1) DEFAULT NULL,
  `reg_date` date DEFAULT NULL,
  `profile_image` tinyint(1) DEFAULT NULL,
  PRIMARY KEY (`user_id`)
) ENGINE=InnoDB AUTO_INCREMENT=137 DEFAULT CHARSET=utf8;



--
-- end  table dump : user
--


--
-- Inserts of user
--


/*!40000 ALTER TABLE `user` DISABLE KEYS */;

--
-- start table insert : user
--
INSERT INTO `user`(`user_id`, `first_name`, `last_name`, `tel`, `nic`, `address`, `email`, `password`, `status`, `role`, `reg_date`, `profile_image`) VALUES 
(1, 'Lal', 'Kantha', '0775648895', '910154124V', 'No 20,Homagama.', 'as@gmail.com', '$2a$10$KUY5FZfoUuaOzFKbXZ6gyOk.3ErD4GKdqSuDesQyugMbfHfuZ7i6O', 1, 2, '2019-01-10', 0),
(71, 'Kasun ', 'Perera', '0778548896', '930150429V', 'No 20,Homagama.', 'kasun@gmail.com', '$2a$10$KUY5FZfoUuaOzFKbXZ6gyOk.3ErD4GKdqSuDesQyugMbfHfuZ7i6O', 0, 5, '2019-08-18', 0),
(84, 'Asi', 'Lakmal', '0776578896', '912453651V', 'No 21,Homagama.', 'asi@gmail.com', '$2a$10$KUY5FZfoUuaOzFKbXZ6gyOk.3ErD4GKdqSuDesQyugMbfHfuZ7i6O', 1, 3, '2019-08-22', 0),
(85, 'Saman', 'Perera', '0778915530', '921459482V', 'No 21,Homagama.', 'saman@gmail.com', '$2a$10$KUY5FZfoUuaOzFKbXZ6gyOk.3ErD4GKdqSuDesQyugMbfHfuZ7i6O', 1, 4, '2019-09-12', 0),
(86, 'Kapila', 'Silva', '0776548823', '942568954V', 'No 21,Homagama.', 'kapila@gmail.com', '$2a$10$KUY5FZfoUuaOzFKbXZ6gyOk.3ErD4GKdqSuDesQyugMbfHfuZ7i6O', 1, 4, '2019-08-12', 0),
(87, 'Lal', 'Perera', '0776589945', '961456982V', 'No 21,Homagama.', 'chamod@gmail.com', '$2a$10$KUY5FZfoUuaOzFKbXZ6gyOk.3ErD4GKdqSuDesQyugMbfHfuZ7i6O', 1, 4, '2019-08-12', 0),
(88, 'Nadun', 'Kumara', '0775642256', '954589655V', 'No 21,Homagama.', 'nadun@gmail.com', '$2a$10$KUY5FZfoUuaOzFKbXZ6gyOk.3ErD4GKdqSuDesQyugMbfHfuZ7i6O', 1, 4, '2019-08-12', 0),
(101, 'Drivo', 'Learners', '0115645523', '890150429V', 'No 21,Homagama.', 'admin@gmail.com', '$2a$10$KUY5FZfoUuaOzFKbXZ6gyOk.3ErD4GKdqSuDesQyugMbfHfuZ7i6O', 1, 1, '2019-01-01', 0),
(103, 'Hashan', 'Rajapaksha', '0775642256', '921456982V', 'No 21,Homagama.', 'hashan@gmail.com', '$2a$10$KUY5FZfoUuaOzFKbXZ6gyOk.3ErD4GKdqSuDesQyugMbfHfuZ7i6O', 1, 5, '2019-10-10', 0),
(105, 'Samira ', 'Sadaruvan', '0772642256', '941456982V', 'No 21,Homagama.', 'samira@gmail.com', '$2a$10$59qS7iHiKW9ixZ/SsFJfrePxsHLyL461kNPH6M3VKkp0S/UC18d5e', 1, 5, '2019-10-10', 0),
(111, 'Attendance', 'Profile', '0774589963', '945698744V', 'No 21,Homagama.', 'attendance@gmail.com', '$2a$10$tnC/vU2inSP/aEBHpNfh/OPyhYmTyCLSkU7gp4t/cqGSqzKbPvwh6', 1, 0, '2019-10-27', 0),
(118, 'Nuwan ', 'Madhusanka', '0773015590', '980150428V', 'No 20,Niyadagala,Homagama', 'nuwanrulz1998@gmail.com', '$2a$10$XYVhFvC6czXa2riALjyjz.BodQsWvEwXtYj4J/apXQHhlXZP0oyTW', 1, 5, '2019-11-13', 1),
(119, 'Asanka ', 'Sujeewa', '0778945578', '921238765V', 'No 10, Homagama, Kottawa', 'asanka@gmail.com', '$2a$10$UFM9eSYoiAJvraUf6aJzve7AeqBcJhShKFBUF2D2raHOGEwAqVMTO', 0, 5, '2019-11-13', 0),
(120, 'Savindu ', 'Perera', '0771058874', '902142345V', 'No 10,Pitipana Road,Homagama.', 'savindu@gmail.com', '$2a$10$1WiRONx5NeaLopaRVO4Lq.12sqq1kiYBMChVInq50QHL6bj002GZe', 0, 5, '2019-11-14', 0),
(122, 'Anupama', 'Thathsarani', '0774589963', '978965482v', 'No 10,Pitipana Road,Homagama.', 'swathathsarani@gmail.com', '$2a$10$jXyB0khOKqclCQZgSaTqn.gsgetKRCIPPRv42yABkkBubVMfaz15i', 0, 5, '2019-11-14', 0),
(123, 'Dinuka ', 'Caldera`', '0775689952', '965894562V', 'No 54, Malabe Road ,Kottawa', 'dinuka@gmail.com', '$2a$10$sA1nuA0Zo70m0Mpu3ptP8eVDmjZH7MuX0yDjdnHupNCscUUr4hs46', 0, 5, '2019-11-14', 0),
(124, 'Ramith ', 'Hettiarachi', '0776584496', '965896542V', 'No 15, Kottawa, Pannipitiya.', 'ramith@gmail.com', '$2a$10$eV3cQo1pkB0PufGmK9roReySF2GKW.hlhYtunEn5iXmNHdiZLnuLi', 1, 5, '2019-11-14', 0),
(125, 'Rashan ', 'Udayanga', '0773256696', '956569785V', 'No 32, Malabe Road, Kottawa.', 'rashan@gmail.com', '$2a$10$FJ4ZhfOxB6W/dZPiYgDxCut5QfhV2BFXN.R.WP/vFu./g8TjR0Oii', 0, 5, '2019-11-14', 0),
(126, 'Sameera', 'Sadaruvan', '0778945556', '967458521V', 'No 12, Malabe Road,Kottawa.', 'sameera@gmail.com', '$2a$10$CzMre/hQQ4A1OXkaH/xQyeDrlXiiSS3ykdYJ5021h3/UgeywI9oOG', 0, 5, '2019-11-14', 0),
(127, 'Dasun', 'Kanishka', '0779654423', '956785321V', 'No 54,Makubura ,Pannipitiya.', 'dasun@gmail.com', '$2a$10$Gnul.luo4dbrIRhEeTNluOzAHgzpzNl/aGjbDeOL..tNlF5MqQ2I6', 1, 5, '2019-11-14', 0),
(128, 'Pasindu ', 'Devapriya', '0774565523', '945121952V', 'No 13,Galkissa Road ,Kottawa.', 'pasindu@gmail.com', '$2a$10$vpen9hFMX2r7HRNn9iL9Au3YGVOXUkgLJJqG7nCm/.H4Lr8LD8Flu', 1, 5, '2019-11-14', 0),
(129, 'Ishara ', 'Umayanga', '0776584365', '961058463V', 'No 1 ,Niyadagala ,Pannipitiya.', 'ishara@gmail.com', '$2a$10$FY9jOaUmRzkygVJ4Awl.U.7IWuKjb4ekwmffYmxTuMoPjSQM5AZBq', 1, 5, '2019-11-16', 0),
(130, 'Erosh', 'Hasaranga', '0775622256', '976985632V', 'No 3,Mavathgama Road,Homagama', 'erosh@gmail.com', '$2a$10$X9.VYHijuQqd47RNcDKMhuWu30L8lPCvar8R3FlBsxe9ngsZkP4EC', 1, 5, '2019-11-16', 0),
(131, 'Dameera', 'Indumal', '0779955563', '978889888V', 'No 9 ,Niyadagala Road ,Pannipitiya', 'dameera@gmail.com', '$2a$10$gFnMUEK2b1enZrrj1ifc3Ou5VE.5S06IIOUKWaFSDIfPmJVowFfSu', 1, 5, '2019-11-16', 0),
(132, 'Kamal', 'Hasakalum', '0775633352', '952369898V', 'No 4,Mavathgama Road,Homagama.', 'kamal@gmail.com', '$2a$10$AyiGvkG0c37147jVOb0WHObCTf64U.bBOCbQQfqPn/5NNrS5mXCiG', 1, 5, '2019-11-16', 0),
(133, 'Udaya', 'Kumara', '0775632248', '953694523V', 'No 3,Mahalarava Road ,Pannipitiya.', 'udaya@gmail.com', '$2a$10$Zp6RjJYv8zNsBDL7n0BFGeFOV5e7zAm0hbwAKZYBIqRR/4sbM4uGK', 0, 5, '2019-11-16', 0),
(134, 'Kavishka', 'Gamage', '0776589932', '945692351V', 'No 3,Malabe Road ,Pannipitiya.', 'kavishka@gmail.com', '$2a$10$i0EZDzhM57M9/RHnm2NEzeqii58Oqlbf8kdaaHXFPPlwgA6r5nPVu', 0, 5, '2019-11-16', 0),
(135, 'Deelipa', 'Muthukumara', '0773059623', '923458523V', 'No 19, Homagama, Kottawa.', 'deelipa@gmail.com', '$2a$10$toMLeyPSFXyAmlR5PNPfVeIKHm3VteI5jWaSYfWGwLIQhwVmtZEey', 0, 5, '2019-11-17', 0),
(136, 'Rhal ', 'Abewardana', '0776539985', '950659852V', 'No 2,Kottawa,Pannipitiya.', 'rhal@gmail.com', '$2a$10$Bb4ZoPKIXWgd.GHjhcgsdeVFxvu2zMrw/WcK0JI0LrRxO6ITnWM7C', 1, 5, '2019-11-18', 0);
--
-- end table insert : user
--

/*!40000 ALTER TABLE `user` ENABLE KEYS */;


--
-- start  table dump : vehicle
--

CREATE TABLE IF NOT EXISTS  `vehicle` (
  `vehicle_id` int(11) NOT NULL AUTO_INCREMENT,
  `brand` varchar(45) NOT NULL,
  `number` varchar(45) NOT NULL,
  `model` varchar(45) NOT NULL,
  `transmission` tinyint(1) NOT NULL,
  `fuel_type` tinyint(1) NOT NULL,
  `document_lic` varchar(100) DEFAULT NULL,
  `instructor_id` int(11) DEFAULT NULL,
  `status` tinyint(1) NOT NULL,
  `insurance_period` int(11) DEFAULT NULL,
  `vehicle_category_id` int(11) NOT NULL,
  PRIMARY KEY (`vehicle_id`),
  KEY `fk_vehicle_instructor1_idx` (`instructor_id`),
  KEY `fk_vehicle_vehicle_type1_idx` (`vehicle_category_id`),
  CONSTRAINT `fk_vehicle_instructor1` FOREIGN KEY (`instructor_id`) REFERENCES `instructor` (`instructor_id`),
  CONSTRAINT `fk_vehicle_vehicle_type1` FOREIGN KEY (`vehicle_category_id`) REFERENCES `vehicle_category` (`vehicle_category_id`)
) ENGINE=InnoDB AUTO_INCREMENT=13 DEFAULT CHARSET=utf8;



--
-- end  table dump : vehicle
--


--
-- Inserts of vehicle
--


/*!40000 ALTER TABLE `vehicle` DISABLE KEYS */;

--
-- start table insert : vehicle
--
INSERT INTO `vehicle`(`vehicle_id`, `brand`, `number`, `model`, `transmission`, `fuel_type`, `document_lic`, `instructor_id`, `status`, `insurance_period`, `vehicle_category_id`) VALUES 
(3, ' Suzuki', '19-3482', 'Maruti', 1, 2, '', 3, 1, 0, 1),
(4, ' Suzuki', '25-3478', 'Alto', 2, 2, '', 2, 1, 0, 1),
(5, ' TVS', 'BFL 5541', ' Metro', 1, 1, '', 4, 1, 0, 4),
(6, ' Suzuki', '25-3440', 'Alto', 1, 1, '', 1, 1, 0, 1),
(7, 'Mazda', '253-2975', 'Brawny', 1, 1, '', 0, 1, 0, 2),
(8, 'Bajaj', 'AAZ 0997', '4-Stroke', 1, 2, '', 0, 1, 0, 5);
--
-- end table insert : vehicle
--

/*!40000 ALTER TABLE `vehicle` ENABLE KEYS */;


--
-- start  table dump : vehicle_category
--

CREATE TABLE IF NOT EXISTS  `vehicle_category` (
  `vehicle_category_id` int(11) NOT NULL AUTO_INCREMENT,
  `category` varchar(45) NOT NULL,
  `num_student` int(11) NOT NULL,
  PRIMARY KEY (`vehicle_category_id`)
) ENGINE=InnoDB AUTO_INCREMENT=12 DEFAULT CHARSET=utf8;



--
-- end  table dump : vehicle_category
--


--
-- Inserts of vehicle_category
--


/*!40000 ALTER TABLE `vehicle_category` DISABLE KEYS */;

--
-- start table insert : vehicle_category
--
INSERT INTO `vehicle_category`(`vehicle_category_id`, `category`, `num_student`) VALUES 
(1, 'Car', 3),
(2, 'Van', 6),
(3, 'Bus', 15),
(4, 'Bike', 1),
(5, 'ThreeWheel', 3);
--
-- end table insert : vehicle_category
--

/*!40000 ALTER TABLE `vehicle_category` ENABLE KEYS */;


--
-- start  table dump : video
--

CREATE TABLE IF NOT EXISTS  `video` (
  `video_id` int(11) NOT NULL AUTO_INCREMENT,
  `url` varchar(45) DEFAULT NULL,
  `description` varchar(45) DEFAULT NULL,
  `title` varchar(255) DEFAULT NULL,
  `add_date` date DEFAULT NULL,
  `admin_staff_id` int(11) NOT NULL,
  `added_date` date DEFAULT NULL,
  PRIMARY KEY (`video_id`),
  KEY `fk_video_admin_staff1_idx` (`admin_staff_id`),
  CONSTRAINT `fk_video_admin_staff1` FOREIGN KEY (`admin_staff_id`) REFERENCES `admin_staff` (`admin_staff_id`)
) ENGINE=InnoDB AUTO_INCREMENT=2 DEFAULT CHARSET=utf8;



--
-- end  table dump : video
--


--
-- Inserts of video
--


/*!40000 ALTER TABLE `video` DISABLE KEYS */;

--
-- start table insert : video
--
INSERT INTO `video`(`video_id`, `url`, `description`, `title`, `add_date`, `admin_staff_id`, `added_date`) VALUES 
(1, 'dsds', 'dsds', 'ddsdsd', '', 1, '2019-11-17');
--
-- end table insert : video
--

/*!40000 ALTER TABLE `video` ENABLE KEYS */;


--
-- start  table dump : work_time
--

CREATE TABLE IF NOT EXISTS  `work_time` (
  `work_time_id` int(11) NOT NULL AUTO_INCREMENT,
  `full_day` int(11) NOT NULL,
  `half_day` int(11) NOT NULL,
  `admin_id` int(11) NOT NULL,
  PRIMARY KEY (`work_time_id`),
  KEY `fk_work_time_admin1_idx` (`admin_id`),
  CONSTRAINT `fk_work_time_admin1` FOREIGN KEY (`admin_id`) REFERENCES `admin` (`admin_id`)
) ENGINE=InnoDB AUTO_INCREMENT=2 DEFAULT CHARSET=utf8mb4 COLLATE=utf8mb4_0900_ai_ci;



--
-- end  table dump : work_time
--


--
-- Inserts of work_time
--


/*!40000 ALTER TABLE `work_time` DISABLE KEYS */;

--
-- start table insert : work_time
--
INSERT INTO `work_time`(`work_time_id`, `full_day`, `half_day`, `admin_id`) VALUES 
(1, 10, 5, 1);
--
-- end table insert : work_time
--

/*!40000 ALTER TABLE `work_time` ENABLE KEYS */;


--
-- start  table dump : year_update
--

CREATE TABLE IF NOT EXISTS  `year_update` (
  `year_id` int(11) NOT NULL AUTO_INCREMENT,
  `system_update_status` int(11) NOT NULL,
  `message` varchar(255) DEFAULT NULL,
  `update_year` int(11) NOT NULL,
  `admin_id` int(11) NOT NULL,
  PRIMARY KEY (`year_id`),
  KEY `fk_year_update_admin1_idx` (`admin_id`),
  CONSTRAINT `fk_year_update_admin1` FOREIGN KEY (`admin_id`) REFERENCES `admin` (`admin_id`)
) ENGINE=InnoDB AUTO_INCREMENT=2021 DEFAULT CHARSET=utf8mb4 COLLATE=utf8mb4_0900_ai_ci;



--
-- end  table dump : year_update
--


--
-- Inserts of year_update
--


/*!40000 ALTER TABLE `year_update` DISABLE KEYS */;

--
-- start table insert : year_update
--
INSERT INTO `year_update`(`year_id`, `system_update_status`, `message`, `update_year`, `admin_id`) VALUES 
(1, 0, 'System database will going to update Jan 1.so please handle all payment before Jan 1', 2019, 1);
--
-- end table insert : year_update
--

/*!40000 ALTER TABLE `year_update` ENABLE KEYS */;

/*!40101 SET SQL_MODE=IFNULL(@OLD_SQL_MODE, '') */;
/*!40014 SET FOREIGN_KEY_CHECKS=IF(@OLD_FOREIGN_KEY_CHECKS IS NULL, 1, @OLD_FOREIGN_KEY_CHECKS) */;
/*!40101 SET CHARACTER_SET_CLIENT=@OLD_CHARACTER_SET_CLIENT */;